"","cover_truth","cover_pred","pop_truth","pop_pred","elev_truth","elev_pred"
"1",57.003663003663,48.3457685931839,4.10689476438811,2.85014988783541,219.475523410729,108.930646885536
"2",66.74,64.4817756410112,3.62492075142142,2.12907157875816,641.029045933843,497.372108410695
"3",3.57198014340872,3.10917603925918,2.66057978050276,1.90892422264915,265.541478853246,114.714287103096
"4",63.4183673469388,75.7833971623659,0.161745324896973,2.29673369221064,2064.39745930465,1667.23090009298
"5",81.9323529411765,84.7648318198776,0.138773217159454,0.801194147925798,592.108429354562,727.884756138956
"6",74.4454545454546,84.0326654998344,0.0791893106138837,0.619615143227065,325.253742527038,804.925621118862
"7",53.7020408163265,35.8835454843938,2.21036751728469,1.29567208612593,103.665672351067,744.390078098513
"8",0,0,0.105250962280441,0,953.163388451888,1509.53341242782
"9",0.0470521541950113,0,0.850680011380373,1.00092118050816,518.340075691671,329.982324639976
"10",77.1455555555556,70.3652241899513,1.70393202101168,2.01724198155694,225.375234602802,292.382641381468
"11",37.7042105263158,29.7368003506353,7.16153521703017,7.75944847420919,104.934519482267,231.937683058553
"12",7.46157894736842,8.10085716102003,1.63900932531864,1.36280515451563,221.479391813001,544.134026432643
"13",0,0,1.22094649108518,0.909214858023006,1563.88149987499,765.083368366351
"14",0.266439909297052,3.57905441287221,1.26874636738211,0.553218717369418,1461.60950493753,850.165294626262
"15",18.6584615384615,24.6075758090192,2.26415880678433,2.02454265538336,183.850807601936,398.583571801311
"16",13.2304629168741,15.6630737785008,2.21835616131674,2.94282270517715,389.626204167744,102.891323575052
"17",0.0266666666666667,7.14402697907826,1.04449905596872,0.469338329618381,1223.5954511095,864.051299046958
"18",4.74727272727273,0,0.189451703785383,0.322243204957886,463.200386734842,911.053379137069
"19",1.16842105263158,5.82560133953302,1.88016760253062,2.30166418433396,302.226535675735,496.245016173925
"20",91.3457142857143,88.7756200338663,1.86745801145743,1.55613669919944,264.777299724351,292.528405410441
"21",0.0023323615160349,0,0.0171958916710322,0.463170855225144,1021.21984044357,1275.47570364876
"22",0,6.99245197370328,0.00674730287743243,0.304085839351501,1850.95375530334,1631.83255150309
"23",44.0180952380952,35.0059572992523,1.99405509690054,3.14540684513918,111.862684433913,18.8330096778227
"24",0,0,0.178271129363228,0,886.568174657738,1108.65063529997
"25",4.27906976744186,10.8736513706681,1.32030494867429,1.27136076699873,139.516699930313,435.218196207308
"26",18.4861329147043,15.386370335943,4.03964647827816,4.39271540833937,237.884468064627,377.239642784116
"27",12.0195,27.830295062864,3.17833031793706,3.04626177293471,372.02245030313,287.127458960633
"28",0,0,0.10990404679153,1.06405884785681,617.423876123125,413.304213655065
"29",46.8380952380952,48.4487754166203,0.313014509171543,1.85856416423769,26.3385408998795,181.699900608626
"30",19.0015698587127,25.8540823783951,2.622558311474,2.68669839018276,223.037233511124,349.959728341957
"31",0,15.3282621333965,1.17729552693823,0.397993348729187,1488.27208335152,1554.80358554993
"32",0.0861111111111111,0,0.550887406417151,0.762505591725585,925.681273564782,907.040902542882
"33",0.0357894736842105,1.02767576919541,0.565043327912201,0.868436120013484,367.43861758949,606.724029127858
"34",0,0,0.498276380882995,2.01444098209322,1283.60173543887,708.07071192842
"35",0.147690655209452,0,0.996608602750713,1.69309409332203,231.822628911982,226.939681323594
"36",62.1890184645287,67.1953011445166,2.62621720477415,2.90432370456375,262.602536129297,-86
"37",79.8466666666667,74.2561283692703,1.95804152557997,2.16585001723661,88.8776651816182,31.7569450965384
"38",28.0045,20.5251196585177,4.47348601546678,4.61387652135568,122.695049165115,214.658040242619
"39",90.9068292682927,71.9072955517058,1.53387271005427,2.33204731186203,595.471076087292,330.026007924229
"40",26.122380952381,17.0660518455225,0.108811366224979,0.16699987723814,2260.10612530841,2332.48137852421
"41",21.2108843537415,25.0349046101437,4.76565885766433,4.10497932462522,229.593050677263,86.3149020065321
"42",8.34156820622986,4.75536185868805,1.99092360129879,2.96828816208892,305.884833237014,-86
"43",59.6014405762305,69.0852882325485,0.848660781254105,0.842292571751159,940.42346197555,1145.12422452029
"44",56.8493683187561,64.1304631670864,1.24669619591613,2.43824847595002,45.1557579726379,-86
"45",29.349,33.2583182685439,2.45903026060765,3.14269797316166,232.659745004504,38.8428311725729
"46",84.2415789473684,76.2984406858177,0.74561619145513,2.43171294890999,789.021304625404,626.962265788985
"47",0,0,1.10022875088909,0.964530640141447,1395.42163600625,821.715828347718
"48",29.3219512195122,47.0727627558153,2.00240674184406,2.59760333589702,305.073622488779,157.352287010988
"49",0,7.36687374972553,0.206260420422225,0.802473954085144,1319.97120427891,758.381733467686
"50",0,0,2.90691517986004,1.1459509847457,1945.24836680048,1341.18135376368
"51",59.5005405405405,61.088315447334,2.92160672429455,2.22322869116351,231.410083319525,2.99366500449833
"52",52.328,34.3969946587058,1.90473621659173,1.25634932538128,386.998149994101,594.224949548254
"53",3.47828571428571,1.38052861087272,2.38172794899489,1.38194305809964,289.327482756478,737.473647851497
"54",13.2454054054054,16.6993283137926,2.16070536202984,2.21000189845381,283.826387547319,191.383027049596
"55",52.565306122449,37.7506649538118,1.89971589961488,1.78567597313031,21.3092818407523,359.865351193934
"56",84.0457804743519,72.9720573516488,3.55409008258608,3.23155208005733,153.433403506135,129.643912307918
"57",0.0551351351351351,1.1090355464039,1.14960008345256,1.17025381066833,242.547535713372,271.08585246373
"58",7.58108108108108,0,0.950435154108054,1.70788019837528,204.725930107774,84.5021634713048
"59",93.0553935860058,83.8706139561618,0.911633428586071,1.21000598629871,126.467852043039,383.429095526866
"60",95.2278787878788,100,0.916537941381895,1.53435601088279,388.675533476502,288.105849620595
"61",64.1238095238095,49.0187579457634,1.22811740851402,1.07223166319497,86.58801385341,190.442641123314
"62",0,0,0.0442577917033246,0.216019416501695,694.815375673611,695.189088459942
"63",82.3404678944749,84.5662994908712,0.380403245372659,1.39516361269125,301.587263599866,517.263377010589
"64",7.02,5.6936450647263,0.767150094008778,2.17216922385444,293.619343404519,175.544616314
"65",0.0111111111111111,0.419439929843065,1.15611393544469,0.230517689702765,799.324826110442,1319.20951359323
"66",0.0490909090909091,0.912120301763934,0.522832166953059,0.778136646608118,1003.08979600776,807.443307750626
"67",76.1137755102041,69.0895098745204,2.81182845482509,2.82664973909846,760.941526415371,229.878872624366
"68",89.3201166180758,78.0563743831672,1.33104950001094,1.5501760538331,251.375784069628,255.910644919495
"69",0.0567567567567568,0,0.0936549863869537,0.0669852356268166,1980.03793951536,2297.62886339927
"70",4.6047619047619,5.81370641215108,5.59989938720975,3.33917517565988,-8.43093017623609,504.700984703843
"71",49.6836734693878,42.7810791092197,5.91256064082716,5.8331409518932,52.6916937069431,87.7942681215936
"72",42.9631578947368,39.7958661441726,2.9589805710411,2.12839413060107,355.18684180441,-55.5720888996148
"73",88.1328571428571,54.9406704978537,0.759701503293072,1.10314747175039,79.7234257226656,140.756778798997
"74",43.1712294673967,59.5941089465778,3.14889347649647,2.69785508933501,151.712688018105,86.2457437284756
"75",30.385138670853,28.2148723572718,3.28022858226486,2.83149056889411,281.011555002619,217.81941548083
"76",73.9635962493105,72.0408313137204,0.203599119938271,1.54443026340391,345.312638838413,506.924121810473
"77",43.719119226638,40.2641410219503,2.5895475500479,2.18905239069773,342.817276787929,250.028739984496
"78",87.7551020408163,87.2487520886625,0.766797322570835,1.96718648671981,536.504534225937,485.458557205682
"79",0,0.0297176678377582,0.00876023252986172,0.76831602651373,1492.65196236953,1881.91996587929
"80",8.70681818181818,0.0942939649794425,0.0256018844390778,0.655733759103896,4.08415732632387,758.628969411366
"81",14.3176347462062,11.7895078656147,2.20514675763309,1.99766070375495,31.0203061798196,437.707936623716
"82",90.145473574045,91.9657576542413,1.49383613015668,2.70381570468589,611.233746311802,120.197426237282
"83",90.5572562358277,86.8859689845003,3.64997046757638,2.70369044399285,72.9931936708002,396.718631357769
"84",57.7980115122972,55.9206377442424,2.49604984737984,2.98672834264471,234.13758300768,50.975819111336
"85",20.5237209302326,22.108787610563,2.68236618034121,1.85892854188091,102.074360487566,385.083325013635
"86",0.874736842105263,1.70946810358782,0.955794627859474,1.36000700804203,620.309419146569,305.370153321652
"87",12.3138461538462,0.737498408539977,3.04555627645675,4.04757384342383,171.065204329243,163.959522232064
"88",5.34146341463415,0,1.24007022519938,2.28279162617969,195.817584240002,172.476418648381
"89",0.585,2.11764688021503,1.2150771844799,1.45503205161003,354.596311369294,322.985378870624
"90",0,11.1023531640221,0.552171593688571,0.466773070745603,876.476185519412,626.569742853753
"91",14.6821428571429,18.2160089678873,3.49024903696825,2.82196697876509,212.938642670757,-86
"92",7.55948717948718,12.1367578978115,0.737251887995784,2.2783383033385,247.939563066216,375.340617600363
"93",85.3265306122449,88.8197301421085,0.71938879914479,1.43638231671798,1167.08274996611,703.035935493652
"94",0.0485,1.54837317812053,2.20253430289554,1.39753844150232,93.6922746190577,582.220493405242
"95",68.6160417655434,80.1408739665367,0.616575793237144,1.42174340193526,41.9485871027842,138.089641173079
"96",75.7661538461538,28.4827714713283,0.0184481074187428,0.80797335427178,1881.34529329717,1486.09774991119
"97",81.6582819174181,80.9737906851096,0.61869439111322,1.79028516418313,41.3519396731241,2.43623091850895
"98",0,0,0.174685472920739,0.574882815854153,1495.69953659464,1305.75808267924
"99",1.31734693877551,2.96877664050771,0.0649589735391144,1.32213152159943,526.560661031719,527.378863733495
"100",6.63560975609756,0,0.236249757429212,1.73177159913121,451.36683713881,564.377274928731
"101",42.3821892393321,58.9810529155984,2.48883988411019,2.17643626265181,860.136026727575,1025.66912384052
"102",0,9.74520023339574,0.842978892823769,0.408216591032215,853.419709176593,984.342100393144
"103",17.878,19.3409217657463,3.33855437464252,2.59830036209871,136.952656274744,149.065872994019
"104",85.5821995464853,85.7819430672262,3.6743618932249,2.79293443267048,196.495306748831,516.54399679706
"105",0,0,0.0824345132096244,0.786686176146986,1298.71249917723,395.805601772794
"106",26.4848317705461,21.6558183334228,4.08735941754629,3.41049849245428,173.95125789064,212.164770916337
"107",97.7471655328798,99.9648265569085,0.1142979476672,0.954367548228859,508.452782456636,706.097219913383
"108",0.2505,4.13073115640509,0.735881389059652,1.18446056701356,740.408449206786,473.503491310519
"109",0,0,0.0843155636892332,0,1274.1103902559,1355.739427255
"110",88.9561111111111,81.446581391353,3.07997810435893,2.30661981153867,308.339448542037,467.553026229667
"111",0,3.69830017153436,0.0504118410969552,0.571556236964625,1720.19286398203,1250.41892555286
"112",36.2910592808552,44.0124848854393,3.81480655910738,3.26390192491954,53.8591759532102,-86
"113",1.29897435897436,0,0.908670644261298,1.01418894762674,199.723935028952,609.966283643851
"114",7.76578947368421,14.4107398524175,0.497487827195017,1.5503305120385,2464.11741922664,859.65687709162
"115",0,0,0.0807855915479732,0,944.663356360384,1340.84473606979
"116",3.07722007722008,1.22075380191836,2.25101092717632,1.78969843080449,1236.71318255543,488.512515707407
"117",84.3969230769231,80.4476804842634,0.945508393851766,1.63672182496111,1321.19580022031,1002.6640442026
"118",0,0,0.0420868541018155,0.387517400416982,1269.49997894687,1487.94682629243
"119",1.94705882352941,1.87714334233169,0.610272060462612,0.428598060039349,383.184849611895,597.242710401188
"120",9.25850340136054,4.16935970662507,7.71004032299727,7.87964819215813,41.4264889590703,767.244271823205
"121",55.8981818181818,81.3324522132639,0.21617771767465,1.39210605557514,584.536555082878,208.431215637713
"122",22.6425655976676,30.9350380473406,0.0122121681698762,0.630540324411413,2784.71000656246,2414.44272993226
"123",51.9177489177489,53.4110909816591,0.0285040163750791,0.637472274488005,1903.54328481019,1784.42428984895
"124",10.9324960753532,13.5261585151165,2.31295416442864,1.94808719669476,255.116081823954,591.953043200308
"125",24.4981818181818,30.4413234297747,1.11644033724362,0.48361151529275,363.121471452353,538.280723162112
"126",0,0,1.25909902443084,0.670898839330675,288.375208106151,765.51665167074
"127",0.0066666666666666,3.66568706520411,0.272907498989616,0.213970658574453,643.472382052208,714.635413488257
"128",0,3.51872827640727,1.87904861495157,0.981882277371596,2191.14213902419,2247.66807905422
"129",0,0,0.23404070149477,0.337430720798693,884.687822709005,963.815653086989
"130",42.0221574344023,64.4065224555052,0.0854393239470639,0.758072293290297,2597.57107807568,1480.89469658304
"131",68.303916161059,55.5610466356948,0.174753227542303,0.647876978791658,681.498568155575,1355.32972063159
"132",30.537,27.8836894650995,2.58150485444666,2.68295948949867,735.542288971546,93.5460995595204
"133",56.6553846153846,52.3537579529243,0.0621153228297837,1.15077883154902,3346.03651273055,2615.91663234972
"134",90.489,81.3829961130887,2.90115006395979,2.29179741314675,398.376349243138,57.2605237173848
"135",0.0347058823529412,0,0.862864253897529,0.918605780612324,781.08268315217,1063.16259005596
"136",1.21897435897436,4.73343995884352,0.417429139260362,0.905700268674536,386.696243286131,457.254444079823
"137",0,4.55885902270529,0.146049005518688,0,2244.05300189577,1260.11875961232
"138",76.9928808732795,75.1514273232697,1.34205570913758,2.98500583937499,62.8033131655794,217.374427966133
"139",88.3288629737609,85.5262952556623,1.89419551434692,0.548600356175484,345.484853616653,238.423841918819
"140",0.563834836260085,14.1297433566479,5.966524469523,2.32968067006937,213.518475465424,522.08297048742
"141",0.0095454545454545,8.5275886731979,0.154250904272286,0.616565978167728,191.699950309894,416.498086379375
"142",2.41275510204082,0,5.23197102943411,4.74851405552812,251.671104473984,71.085423008888
"143",1.74047619047619,12.8136820719919,0.077917901815034,0,1919.02628699064,1328.01641725341
"144",26.6045714285714,28.9396554367468,0.0315255429638991,0.502437621228182,2531.14548713206,1571.4438274299
"145",2.43953488372093,12.8401074292433,1.41033384828387,2.00934506846625,59.8414353209218,115.310463123489
"146",20.0787172011662,18.0853009520051,6.7076487689555,4.01175855542215,280.071406720346,397.98072868085
"147",0,0.514804663813266,0.472533768431661,0.549775356456166,707.436186207349,639.122216806631
"148",53.5625327053898,36.1105019323804,5.94461388425115,4.13496279725405,268.008646208918,39.451331546763
"149",95.4868804664723,100,1.09238247726974,1.72707407903579,219.261535796974,255.113539832644
"150",85.453251067869,78.7610430400491,2.10654216461697,2.29813468014845,17.2219795970454,-86
"151",0,0,0.0206419020440252,0.203808540144109,1791.0442633445,1314.766457677
"152",32.3841536614646,30.5181141406874,0.446338542497994,0.0863255784081502,1686.65971324704,1736.66033912066
"153",0,3.28992914668288,1.14748153655901,0.599393062560921,1180.67131072399,771.568073601462
"154",0,0,0.0673932544955137,0.232071381397873,898.388705774102,1228.63220295263
"155",47.5188571428571,45.8113093780776,4.91827482715642,3.67724722772937,90.9535573065606,334.209155547549
"156",87.1910430839002,57.7413802829906,1.32045424508579,0.743533308519432,188.028414965159,517.991726563661
"157",71.2655,55.3426589634873,3.05889498934242,1.62514067391896,232.263793652788,711.212646693108
"158",51.4652014652015,47.2710607957324,3.83009547089049,2.73703889525814,586.387592978642,403.61066102935
"159",36.2696793002915,55.4114016019957,3.06478870859284,2.38326385131981,140.795690987524,239.311568339006
"160",0.329931972789116,0.593307881088549,2.05511411072502,1.7247637305461,476.649960637768,470.525271033985
"161",0.0082735797021511,0,0.473815388754688,0.592946823117472,1344.90134840073,692.353514153743
"162",69.3294444444444,71.9181370331899,1.91008228012774,2.25843084498663,304.310874261291,432.253791847208
"163",0.801948051948052,0.261907519025044,3.56230187617698,1.59636302457488,33.7441165223164,136.277626632364
"164",82.435,94.7655267715527,1.11220598226916,1.13814255297689,281.969222659309,450.149589645036
"165",0,0,0.309065279015424,0.306720708421039,1996.35650863652,1572.08561080811
"166",6.36684210526316,0.767754145526851,6.61807232507936,8.58788785217189,164.993549255804,392.369867818081
"167",1.95068027210884,0,1.87932092524061,2.08351296061255,251.186110996368,65.8878416172229
"168",2.25734196117471,9.73895889410414,7.39336397609342,9.2031462268726,395.809751496725,320.150989079557
"169",75.4697435897436,66.4680007342831,1.55949731794405,1.74556678109485,255.099693019217,548.301662999846
"170",51.7010204081633,52.4436157013733,4.03765150047366,3.54814054443887,302.729671230515,36.5597672297154
"171",35.0375695732839,55.2966733661715,2.25320397476233,3.28468434362748,20.8433899691387,-53.6378895078087
"172",0,0,0.0435900488917714,0.241535724109781,1469.1531490765,1222.76301989669
"173",0,1.5251865471655,1.02906788383316,0.0382926859481358,1551.0528957578,1292.88727422664
"174",18.7322222222222,35.9924344194615,4.46224245593061,3.90983852851014,290.254017846128,218.763021454564
"175",0.271891891891892,0.876971879199118,3.05235243182737,2.26633072210689,403.673207860835,260.836309497012
"176",62.2433333333333,60.4661437791656,1.93727739094036,2.41622646747874,295.556124488719,224.9620194913
"177",0.475675675675676,0,1.69536216167118,1.59714312690926,1346.91124469534,816.255419596564
"178",0.0411764705882353,6.55539332154694,0.562264190644366,1.26226000017869,282.714390862667,614.733632113552
"179",74.9266277939747,59.5343293804217,2.27650728465027,2.32744941634996,43.6630125360271,291.607407691772
"180",0,0,0.234829946514214,0.591049899711834,560.094597892351,912.235373491945
"181",4.94685714285714,13.2258006808188,2.08912133353858,1.20609639585393,1417.73063716793,1057.4116190261
"182",0,0,5.0629030586019,1.56400176704369,1537.00575570897,1252.76873990463
"183",21.3483333333333,28.9589731103442,1.36744329824993,0.952315906325339,298.463476515518,258.292616185499
"184",52.5362162162162,39.0570530135537,3.59999754325476,2.50982121903593,343.258826930057,74.5672918262426
"185",0.0046647230320699,0.564118888598387,0.0154868946205143,0.651376873182016,932.384716297859,715.355556056602
"186",38.5242857142857,45.2855553519112,0.484226081725272,1.10541550739595,182.883717982952,589.150105862587
"187",53.5282926829268,49.6922623505789,4.84604487443342,4.56618896405257,171.020062044483,-36.3925334449159
"188",59.9424385138671,57.8743945267215,1.8283087378017,1.81482377067238,218.250818085847,193.858557730797
"189",6.49428571428571,11.9575667959443,3.05359118862787,2.17745875028322,169.882201531748,628.359757508384
"190",98.825222396651,70.4338949395424,0.562011118237332,1.51424319277749,234.706121787511,627.910123480775
"191",68.4035,57.1835215120627,2.91312242051549,1.8258774352671,113.612195976387,362.740837044083
"192",0.291891891891892,1.16288198270013,0.790497016991409,0.618362642227112,390.296773750902,792.153737374116
"193",5.08833333333333,14.681302301522,2.3703614553839,1.97555582637096,295.20578741505,406.068802975351
"194",39.011,28.9335561603621,1.42307132984547,1.25466296901664,13.1789873747272,708.20000093308
"195",0.325330132052821,10.8827237025343,0.356155284424437,0.827592334731889,394.808989659271,765.71587087214
"196",4.0984393757503,0,0.84724428289125,0,399.103337788402,1277.06869549863
"197",32.2841025641026,31.43374050286,2.30899892096713,2.24239162505273,123.497691153665,493.238462932466
"198",0.0518950437317784,4.63961034409112,0.0167810231866,0.727798673014831,701.161405417932,919.67053632834
"199",3.68526315789474,0,0.0515208848417014,1.39125849245909,2305.0564264937,2539.36349037755
"200",62.0980952380952,58.5248307641759,1.77433686582231,1.92006136215514,114.759076608955,354.682527631754
"201",0,7.06745352061807,0.544484045364001,0.835089746862195,856.654496552982,780.596145683434
"202",43.7259475218659,45.7610581600275,1.54312352338393,1.66448435465736,161.641617781069,497.867996271467
"203",2.20470588235294,0,0.489912402982192,0.988223819271752,584.894466469721,649.371977022616
"204",0,13.3635314382918,0.0218667620256759,0.244603067435264,1703.74711062767,1044.95481624408
"205",12.1668421052632,12.9273682224548,2.33495856569809,2.48180998321664,241.013712432494,329.183811607072
"206",0.184196755625327,5.71128700622648,0.0454837818491912,0,1884.38933983311,1442.18017975421
"207",82.3945578231292,38.7159067343164,0.595319935203104,1.63158329754913,174.520748914681,397.947788095335
"208",1.32918918918919,7.10173329587178,1.10399873124957,1.73015353500978,344.052347924044,234.709513663314
"209",0.551620648259304,5.22191616398959,1.27140139028815,0.063802894612536,347.620700299676,903.833044755738
"210",0,9.41455027272786,0.00314518486834885,0.116498507640699,1667.8707356149,1494.10070461873
"211",69.4948571428571,68.9948938386806,1.51389291998349,1.67942977558087,495.323508984873,296.716944456624
"212",40.905641025641,47.7737131984177,2.4861591520769,2.59748998777087,364.85555850673,548.235044183559
"213",0,0,0.614776809430015,0.928380441236641,1146.09869682282,967.053591389908
"214",67.2,69.5958385198037,3.79404816747385,3.55587843809349,202.942689894377,219.674834309495
"215",0,0,0.638057861529072,0.203214109138571,1194.50341885045,819.506491431268
"216",86.9436363636364,59.1976108968574,0.353931335488235,0.360227106940783,400.874366888729,847.96789674263
"217",86.2617647058824,91.8076417993889,1.14401713819299,1.07179009346154,394.634183279039,391.467470475123
"218",0,4.24770988976161,0.14147199308978,1.4850145279197,633.000950217362,644.297694854205
"219",0,0,0.283253482918017,0.432797381920864,1373.01289470099,1011.37269304018
"220",84.2169230769231,77.9975001591174,0.973401911228959,2.55472334507954,371.269525383647,101.028569159564
"221",27.2834467120181,34.3113172854482,4.50143358164951,2.12381789896267,299.011397496197,273.496687383682
"222",0,1.29328142395934,0.379285875411281,0,1632.06988327646,2165.71912938869
"223",0.0375757575757576,2.82885521946082,0.17405137875196,0.426276006917533,887.284997948446,978.877081600484
"224",88.4822857142857,94.5951028613163,3.47321737624442,2.72583895100979,48.6766152399634,169.08764696907
"225",93.7297142857143,49.1636491399213,2.04988693112615,0.522504638625378,366.329226617758,911.543931662687
"226",0.302564102564103,0,1.29390748180163,1.67572737858558,278.756188186788,435.502267655102
"227",38.2756097560976,46.6845976827026,2.75606468187475,2.4657716724771,149.585621334356,-86
"228",32.6570731707317,32.3632435739346,2.79084116151403,3.41516712020848,10.6688367292933,-86
"229",0.253513513513514,0,0.481291548801656,0.157933888244088,767.091715381393,1019.67290146532
"230",93.219,77.4559011326569,5.23834559106363,2.55984068999214,372.827885098477,346.98497906496
"231",2.695,4.72801317584162,0.033909776461955,0.956887707728129,1174.24911465203,1175.38084349537
"232",1.03143960286817,4.00844681685157,1.54221145586075,2.62941940327346,213.551835432058,692.211113487836
"233",49.0104761904762,47.4228076345826,2.21238255114466,1.93840217051138,107.886415048368,281.781101363013
"234",0.0466666666666667,16.2646459494681,1.35003029562686,1.72094585843843,795.555866650532,227.861176983337
"235",24.1092682926829,25.9563793792977,2.38147248337084,1.93063181369575,44.5494218784724,693.891716830432
"236",0.132086167800454,1.13663923143031,0.257864191438769,0.0752703097746235,1561.39448639684,1141.33990044636
"237",8.56425813568671,13.6839928529798,2.08315747554596,2.60484052362062,252.813257406045,179.399796170881
"238",8.775,25.8537365073444,2.34562462817325,1.74476013094181,157.424146394666,355.957019217196
"239",37.4317073170732,37.1400697928257,1.92593549681442,2.03958943731027,269.884015497713,280.172476150212
"240",0.0948979591836735,0.509298195762312,1.3359531301076,0.929985800545182,351.648815189619,566.036958493525
"241",0,0,0.0246312264630726,0.386772635884427,790.012310008275,802.984874721151
"242",0.803854875283447,0,0.72251638849546,0.499099610225585,367.212654805316,781.970008843928
"243",10.538125,10.0060009326116,0.71595171965909,1.31640826018042,643.352683394375,787.620774222654
"244",0.0045714285714285,5.29258389569804,0.156859386511193,0.381653250540694,959.143478688934,1021.31000770628
"245",72.0126829268293,66.1318693727517,0.350565404942315,1.2321597654261,148.286749240675,234.457364536531
"246",0,0,0.100021751920334,0.398925463842261,734.783947669397,758.187626997591
"247",21.8308571428571,16.7776759043136,0.157215801943407,0.101507274644518,1221.98782489863,1190.41744297335
"248",93.7764705882353,95.3190817481354,0.205310840720443,1.58117093110832,778.890814732805,489.24051516215
"249",0,0,0.220191091756531,0.608938802665307,1433.27667087307,1165.81645422848
"250",0.14,0,1.12711320610338,1.31974078963503,269.587987837395,313.843604171067
"251",38.6635,40.4054576200251,2.2326383478463,2.65173943517675,472.954410961243,232.499346767785
"252",35.5861904761905,35.6755452381149,0.830963113762776,1.92842923276964,101.681184098817,294.744829268893
"253",6.01885714285714,6.7743845912737,1.91840541549735,1.26593564983659,74.2786567955209,244.803367098793
"254",2.57948717948718,8.89844879665179,0.41997864074561,0.666462774975344,347.437712042998,588.26098786795
"255",80.8045714285714,77.3477986196322,1.22982421550559,0.72189423847189,301.427708313105,642.521836524364
"256",31.7448780487805,39.9335681438715,0.180499078567842,1.16580244318777,813.85673143725,898.166786790302
"257",20.6878048780488,16.555588027557,5.86016267931239,6.97253839691257,213.668227464951,380.954175928142
"258",0.0042105263157894,8.6723647334511,1.40999815857207,1.69181977904464,213.089932071958,124.499533908442
"259",0,2.5497367766111,0.276831636512905,0.10793249965991,1139.96187718925,1369.12558434461
"260",37.6822157434402,44.8874313626984,0.276822414645842,2.34272203705052,214.127621558203,16.7830608482473
"261",0,1.47993915488041,0.0107151094660641,0.189513934599745,1531.02479206916,1511.28753982263
"262",5.74685714285714,1.45913308339004,3.79637582026733,2.37969388836677,255.32530349121,588.593852845137
"263",9.902,11.3539569688764,1.28808084250475,2.41976321898096,92.7442607781996,-86
"264",71.1536585365854,78.4039263771674,2.25801653317799,3.68376021967515,97.3776806465027,-86
"265",37.3151260504202,40.3565963042802,0.14725081083978,0,1269.4973595956,1942.90683584125
"266",9.35136363636364,18.9963827695528,1.53697680410455,1.50170559634307,51.2234290562439,207.640707857558
"267",51.5194285714286,49.2700628802086,4.54119624340178,2.10049204909848,259.104909813764,791.323662790004
"268",0,2.07471167306358,0.467782377464524,0.781329447737789,660.318391498134,862.087970177352
"269",0,0,0.174209058983807,0.841275015209931,1063.34309306218,654.629143783008
"270",0,3.78600463969269,0.0625147629343101,0.146227083517715,337.259605690508,1422.92811302422
"271",10.0816326530612,5.28655252687895,2.45566782322332,1.79906827200307,218.662919905592,201.211145014735
"272",1.42594594594595,2.39970477912539,0.934891549933557,0.426752906864976,1444.43134493659,937.919844927499
"273",1.01058823529412,0.617190491277142,4.28723579592553,1.75447782659739,404.81706518627,470.333091869426
"274",0.0104798676227248,10.9556899037489,0.0305617795266217,0.405637709005077,1107.49840853158,1189.4228838766
"275",0.0036014405762304,0,0.0639947682602055,1.38464405992863,718.274114810504,995.788599774591
"276",86.9864864864865,91.833938601927,1.94235924898991,1.63312508418039,647.828387910222,559.016340180184
"277",66.2826530612245,49.737642246716,1.95824282788849,1.46541049396347,483.427437835754,698.603689736105
"278",0.749411764705882,0.977214721722703,0.759635549875313,0.42811194503372,564.353778472438,558.993890031532
"279",78.7528571428571,76.7136383045445,0.992060224407732,2.33855605276358,203.835912155097,518.963128126517
"280",84.0433333333333,83.6693849197263,2.1920998002246,1.52024081761101,306.421757162245,460.021577375242
"281",64.1388888888889,65.2541857095566,0.569766515152787,1.7713881732866,498.46147394631,634.146928837406
"282",0.290555555555556,0,1.40373754054656,1.19535859537677,357.751476696275,562.72141529317
"283",7.49789473684211,7.36471354284367,1.37948680310079,1.67489182037281,243.743190811996,99.6596837076358
"284",31.8063157894737,28.9202501614727,0.529065720805061,2.68608357307721,204.212651135243,253.46440406749
"285",41.5131578947368,32.968461621982,5.71662808222392,5.49634367016586,32.7938554054774,-86
"286",57.5577777777778,65.0860163044654,4.99381664110332,3.75294861221619,200.182081752404,29.0079483726295
"287",85.0772222222222,92.0352408427825,1.45402001411064,1.32242830737241,304.907728946588,522.565629148914
"288",98.0011337868481,94.2099460625013,0.355342117316614,2.01576668511359,432.436847939928,382.779143054155
"289",91.4276470588235,56.7666568704772,1.7332503648799,0.850559737406456,208.851427764968,751.848473726423
"290",89.0263414634146,58.1250604391353,2.74184956294314,2.56785594400708,333.220015692829,443.800553061243
"291",15.3940345368917,21.4896490766487,1.31423287761016,1.96343888641741,435.46726354988,733.9831102764
"292",69.2487852283771,59.8376621789685,1.96938250390967,2.59925518135975,85.5049995478485,-12.5807065562112
"293",56.4785714285714,64.2500412606169,4.38943473472581,4.53413173675199,33.3307231626681,198.403131605824
"294",34.3107142857143,33.8376006524049,3.59561463881976,2.12316340721532,27.2441076926483,640.264675650978
"295",0,1.31864372605196,0.45511569903867,0.923478794386483,967.284534771864,397.786921388353
"296",1.14914285714286,0,0.224997776762351,1.85774395466547,393.809426203104,293.033685751841
"297",85.6468769325912,77.6731411199389,0.770782890825721,0.791416760527312,399.647276873105,482.090347394464
"298",4.77684210526316,5.48902194026596,0.382255812649962,1.68436870081223,327.311182058963,275.715748065384
"299",2.44864864864865,17.3548627888922,1.91825908214753,2.52507858932813,259.964491733363,284.404278264032
"300",68.3113702623907,68.7297600969432,0.991731136086727,1.67977532080371,394.101653397204,310.099744870153
"301",90.0146341463415,71.1134713324645,4.03293063037863,2.83888078172265,386.275573884847,489.301675140741
"302",31.7780612244898,29.1131896569987,6.17138180037223,4.10528202251294,73.7301132321503,660.841377501085
"303",4.61953352769679,3.56564623792292,0.832962939298199,1.07753046324206,128.0412671395,805.006866145995
"304",0.0209912536443149,0,0.214520754410827,0.927515995830049,389.567020750638,636.144772342755
"305",0,1.63862249518206,0.048347246869689,0.368777450203879,897.234855126199,1243.4978553094
"306",81.0010810810811,72.735856886582,3.98268118923986,3.27012159859351,338.44699914858,130.944176326273
"307",51.9906705539359,46.7954198363987,2.33210324288419,2.58774449659484,198.042153355971,471.729102594894
"308",2.23117647058824,11.4172805506478,0.0360535485518521,0.452736993294934,345.99870100881,612.085063146194
"309",14.362,15.86643067962,2.23327131822032,1.85040178763279,118.457708437614,495.467198041384
"310",22.0015789473684,22.2564074917091,2.57316290919283,1.62465696445179,193.205188793052,610.405039058882
"311",0,1.46647214527366,0.0925679434452041,0.598464911982774,815.939206098699,884.434924544301
"312",0.0482051282051282,0.338888494709863,0.403183817405333,1.01022959228999,94.4255755422468,466.841212338768
"313",56.0052380952381,54.0528948598076,1.0327764485284,2.83699458882074,133.951712862542,160.756391474046
"314",95.8533333333333,86.0938561839826,0.432724011237182,2.24006579345115,705.753103178725,421.006904420909
"315",71.9206997084548,65.177312772983,2.77195074907908,1.92211196234121,99.5404843515747,76.8844038394745
"316",68.335,59.4110869875003,1.39708295663781,1.76561260628685,333.562744955982,595.955359692452
"317",40.6854545454545,36.7914706380543,0.282989469823158,1.82710341859979,21.1303278614366,-19.9664871140849
"318",3.64440321583179,4.43586822583893,1.07078719509033,0,254.993597531246,-86
"319",26.9338461538462,27.272601919547,0.866959553730307,1.88269332493519,139.578952715231,163.11923555145
"320",72.0174927113703,55.0923127980641,2.3774115300147,2.03596594519922,464.489618821398,624.514914717176
"321",51.7784967645595,55.3996770929553,2.29935087034565,2.259192180524,87.9986953179455,524.623768672231
"322",0.0322222222222222,0,0.566583592037687,0.974016393327702,415.945160569868,160.694196832483
"323",1.12827988338192,0.979738596557581,0.540625154657463,0.433431800048083,456.459377731855,898.434500916745
"324",60.6770731707317,60.6431737466119,3.02557632261401,2.76958766117423,4.91548489467377,-37.4876351078274
"325",0,0,0.382105146332018,0.800247965980816,1023.50381596451,1341.89938090008
"326",10.5158139534884,30.2276634251793,2.17875621785679,2.64235110062111,21.057463723647,261.333416219568
"327",0,3.09578516803231,0.0137214759502077,0.133797728323657,1208.51675091298,945.547552133096
"328",65.0480952380952,44.2832472713953,0.922465404226246,1.13296341287628,49.0336319546641,377.902057162253
"329",0,0,0.30267333678571,0.491683383241252,888.919822097246,633.329591976246
"330",0.0307317073170732,0,6.4333252416541,4.36614923359696,467.630960761663,345.641362619121
"331",15.7797118847539,22.0989896880583,0.864335619524741,1.06136843766626,1585.47570599828,1724.56721176673
"332",43.6961904761905,46.3156044333791,1.68595603272102,2.11733289177778,79.2486166997459,206.045049581444
"333",0.892432432432432,0.777177611416846,1.18502913462107,1.34101473429382,349.257911000718,270.242739681387
"334",0.951219512195122,0,2.6527194429357,1.9355585225203,70.852968800767,54.9710812253179
"335",27.88,32.174446549423,0.900297114293586,2.56587452901795,34.8453214884205,113.599993261509
"336",0,0,0.150901804064518,1.2106287308236,980.644424952164,302.388071544934
"337",0,13.2736303494767,3.3357047311715,1.72353217069895,1097.31219849411,911.487044557696
"338",0.124651162790698,0,2.02932939506477,2.02694045155124,6.57241614806481,-46.4582596521359
"339",71.3012889366273,61.17516802514,0.113427358322916,2.51278565258758,536.021133001306,735.514271825552
"340",40.2527472527473,37.302780447435,2.29539982145103,2.8681773143569,304.482894246395,285.297518047621
"341",2.82295918367347,2.20892242843729,0.921473420707549,1.10422260838527,428.383981531934,1152.33979166765
"342",0.0288888888888889,5.47383152858356,0.400827690482275,0.147924503040116,373.455367986914,458.845422010578
"343",0,0.264368297617693,0.350069227210087,0.732342731126664,1787.49857103005,1261.82213469502
"344",0.227567567567568,6.21278878170779,1.00376153525432,1.03059766644947,278.244121533599,385.764646391617
"345",2.09882352941176,4.8248936361415,0.224018998648672,0.597982908362155,619.842312071116,816.987939795479
"346",23.2600583090379,37.5330369178482,0.0129966571245634,0.150793740443419,2759.7310434989,1309.12221695972
"347",0,0,0.265727615833702,0.225397418480043,636.817033160362,934.919579382637
"348",96.6377551020408,100,1.05470086055953,1.4323225922069,406.018833394615,104.318113056477
"349",0.0145772594752187,0,0.447166480419292,0.6582636558785,520.457849261492,617.628974673804
"350",8.78820512820513,5.49366324033144,1.57592408573428,1.70050933254254,0.219938417757836,266.876320315409
"351",67.3144186046512,63.827218118362,0.412235250451514,1.34810142153378,17.4311044135291,374.263301885803
"352",0,3.37307425929248,0.285887100252367,0.795167783672014,1122.93773571962,684.749521168997
"353",72.6605263157895,56.8340747891307,0.0615135769649262,0.714025671733225,517.77471853348,748.544454816729
"354",83.0365198711063,80.8301637205786,2.29260194316572,1.63902198672349,265.17820652334,299.635359959007
"355",0,3.28026479499385,3.49297646751464,0,1311.78572924617,396.167649262468
"356",8.84093637454982,17.1070489574158,0.0576656285383191,0.864166170750877,2362.56961384137,2217.38193889044
"357",79.8615384615385,68.3478474282865,1.91153986936698,1.74012972767918,311.941680309864,370.041552644223
"358",38.612,38.8105727530055,4.42291116538568,3.77609366470779,108.469067505551,-19.8856672148686
"359",0,0,0.106490016986168,0.526039816436878,784.794493417843,1431.52774189296
"360",0,2.83859505207147,1.28700274685672,2.62858108891714,1053.0013894786,521.102804034483
"361",15.3842565597668,13.4081880001831,0.243799135870435,1.51839253924118,280.815465158334,736.545997993788
"362",43.6820622986037,35.3934619703423,7.26196401293676,7.206667239627,28.4314387215328,213.150206675229
"363",4.01080432172869,10.0409633110103,0.540058533413959,1.13161829087164,404.169159127848,500.146165040554
"364",0.413832199546485,0.505319066694938,0.582827424517702,1.26125952374468,489.850320713854,600.50663917925
"365",0,3.75100828648283,0.0542977168442062,0.990368152432666,861.999100888458,1297.63205731264
"366",78.6758424299953,45.3761479514378,0.656271877313111,1.16410850922273,76.3794043881654,367.840520355152
"367",78.645286686103,72.5149061098882,1.84762693631707,2.32293572853632,52.8424302662281,16.2514778432669
"368",15.8468292682927,15.5923548487608,0.289002525348612,3.05162181370372,48.066302133066,265.920064053847
"369",0.140606060606061,0,0.59983352626896,2.5148485301861,634.777292400314,114.788479568087
"370",61.9227405247813,72.6929285373772,2.95177527184602,2.36362691089101,38.8068066076689,-86
"371",0.26984126984127,11.6774827877689,1.21251078527495,1.02528346289955,299.297789945121,386.48796456249
"372",38.727027027027,33.0512973131008,1.11767786555169,0.763551925454749,1151.00763636999,1185.21644816815
"373",0.0023323615160349,3.77467471388081,0.144599751069494,0,885.83797180096,1274.53382694442
"374",0,1.01721347381681,0.0536181225728157,0,1517.64290911256,1419.59982273879
"375",0,2.71547937623473,0.182002648417331,0.589513714114901,1335.15336045927,873.820129228756
"376",0.0766685052399338,0,1.05769980523603,0.812625971345824,1306.9370625119,1005.31718342192
"377",23.6059459459459,31.5808009665452,3.27781611021306,3.19166927141646,309.211138776238,-24.9332849495695
"378",0.788205128205128,0,1.67954679912795,2.59136985560781,168.077883435946,333.351728833164
"379",0,5.30264944811279,0.137346551047362,0.3176711343433,543.902487549101,1334.30151358619
"380",5.95666666666667,5.92794015536128,3.32142655341552,1.60391851150598,279.463318163471,428.928492250154
"381",33.407,38.5562468483367,7.10356005123658,6.11591047533216,254.210481356811,365.682240906637
"382",0.003796867584243,10.4605036211178,0.0127285258615534,0.355144089781788,840.828270832078,625.429261856596
"383",29.0309037900875,47.7407888632179,0.00405555159519379,0.959924497441307,2608.88575372668,1660.820464427
"384",17.6578947368421,33.6476344127432,2.90844056372342,2.46055313214015,369.810685240212,359.60834345594
"385",0.0015384615384615,0,0.457803084669414,0.968880714656052,641.652303005012,652.672664589307
"386",0,13.8374978625579,0.0912181740193676,1.21651817882889,1507.82337713701,623.370735971897
"387",9.017,15.5968339084247,2.84322951653833,2.2408781562699,549.935660433468,790.184644444147
"388",1.37833594976452,6.89642044220091,2.55325923132467,1.67722710534952,256.841092911437,466.846940469695
"389",4.79105263157895,2.42421950632161,3.70072396287674,3.57038460962212,203.145282054526,460.650970416376
"390",0,0,0.202944476224161,0.392452669789236,660.824614859242,1034.05190840992
"391",70.0408163265306,57.0214600124009,2.80116585312741,1.87454680127485,174.480771596893,282.564342927421
"392",77.6157142857143,72.9934573209307,1.82165648625215,0.878267290327017,87.364728414198,29.4484154970851
"393",0,1.29853774632647,0.459929877636585,0.794928322846545,2123.75760973622,1641.24528372637
"394",0.0234146341463415,3.0200240698432,7.7990415051499,7.33801796593389,457.885553088923,380.632366688689
"395",0,2.21396432741312,0.110462288506064,0,1553.71241099918,1416.03825229104
"396",48.5377777777778,33.3021499735987,0.378597493687694,1.48165021926616,33.6845447937842,198.852097709198
"397",76.8660714285714,90.6905089354186,0.682307142303637,0.858566436941373,1222.45511098971,996.581364024314
"398",82.4081081081081,70.156472148883,0.378961090017789,1.67053857594772,425.586757990766,613.030968653038
"399",0.064983888292159,0,1.39523532041292,1.38449238361136,661.720100390297,586.940670702723
"400",49.1917073170732,50.0437400826486,2.01349957862307,2.29116946388285,63.9962241257036,-86
"401",76.4042424242424,67.2972078186049,0.414622737561497,1.02818658545061,923.875848333087,1169.66069482674
"402",96.9829012686155,82.2436434772644,3.16857443939897,3.7155166110152,316.485721364554,56.6029912607046
"403",79.0226757369614,80.8800421519409,3.04069032558633,0.972572316298454,345.56586070496,960.58565403102
"404",0,0,0.167584612943968,0.129541814955246,1336.18433987923,1174.23948178999
"405",65.1706976744186,44.7251392441967,3.63989692606297,2.14573774024871,46.5176438371057,714.508771272027
"406",29.4446153846154,30.3158317320303,7.29171799080966,5.96650411010313,128.955692167054,347.040834663727
"407",0,0,0.00454954503231026,0,1645.68596713528,1369.31007530144
"408",77.5788235294118,57.6132170361998,0.12219074671197,0.273461701484848,1410.35150016549,1605.23014941538
"409",4.11179487179487,6.28966488415972,6.62285268573709,5.57387680304555,347.156569166921,250.910976068932
"410",49.9394285714286,38.413305396889,1.77527809885889,2.11076455540933,311.826618011934,222.162726620096
"411",21.9408163265306,18.6167430351638,2.02911530722974,2.03928014764506,90.2786337815252,590.017102311715
"412",47.2605128205128,51.3859390835187,3.17879321084404,2.23665596346169,320.837405514566,655.593910473865
"413",53.09,43.1903632985559,3.04715909250452,2.39603965432298,239.510874734826,539.467976654065
"414",0.0022857142857142,0,3.51696354647656,1.04372609941083,1029.32565645256,231.083512851968
"415",67.3326530612245,59.9782272451157,4.86043634145916,4.44333099927606,185.995719343029,89.7087671345798
"416",70.7687179487179,52.4278378161257,5.27368139393226,5.61630527384682,348.375101004476,-86
"417",0,3.71308673572639,0.183434965540749,0.0617151068552175,1332.86504195154,1595.84952393116
"418",39.12,40.5609989360819,0.00325439918384219,0.347049454448779,2824.9047861416,1951.73522024718
"419",62.5858536585366,43.2766356509565,2.79384030966052,2.07831201631774,87.3244194864284,441.250387621578
"420",0,0.675916641848744,1.96622606064309,0.142453465952485,465.201147707518,1028.16726564686
"421",0.234444444444444,0,0.914563471976298,0.53936632445243,351.493841139954,423.557466964819
"422",11.5703819989534,17.2936836639865,1.54105695081921,2.14896871175824,132.307319674817,194.739228341146
"423",58.3965014577259,62.9973294190431,1.84809815771808,1.54280304627719,82.8267251749998,319.547347517801
"424",90.7726757369614,87.8891445612965,0.249219795974336,1.51715999478053,278.613150553443,333.813359110325
"425",22.5627027027027,35.9950009650966,3.53379415009031,3.08175290317374,223.774970660833,165.329721037182
"426",0.186666666666667,2.56875864272115,0.051926618712422,0.480147998285929,669.341729899443,910.082447515102
"427",0.221818181818182,0,0.367617158148138,1.32530946888892,435.34375761027,875.978533601621
"428",55.1287179487179,55.830032057931,3.56708887066548,2.79084096294832,223.292569370736,325.053892877884
"429",0.118888888888889,0,0.917794236854728,1.17247433484772,365.816194033489,421.581421762821
"430",0,3.17009820273597,0.199451182119945,0.379361606234625,1044.54364097091,957.73943138076
"431",91.9305,87.8063479161538,1.80470135958402,2.03792686191491,234.95857805976,182.103883853357
"432",22.1632653061224,24.6617321311915,0.436866000437454,2.28477479274365,219.957161048814,167.228832782945
"433",15.2478048780488,16.7733745191972,3.94053088059894,2.73561617896735,181.756490859303,859.820736793103
"434",1.6218487394958,7.86792894573227,2.88071620273546,2.24104634220248,317.3492084072,440.922909126966
"435",4.41756097560976,6.84426021773834,2.44363348128141,2.17077127981702,289.455047581645,555.460693898611
"436",40.7788888888889,49.6227625173979,1.5512321728672,2.01786679435395,347.44936239263,266.258828249993
"437",80.7668521954236,71.655396767439,0.747745871264984,0.318631533950736,1178.54748094652,1143.86101666605
"438",24.6694736842105,24.9274673991749,0.768007863348325,1.85150396797758,284.452012650686,425.981884676032
"439",91.5416216216216,94.1247923425626,0.0243154525075555,0,1032.4065344641,460.675271326094
"440",62.9925,57.2360800303213,0.945101610862653,1.43868677495311,23.4412177569151,456.880743015558
"441",2.14875283446712,11.9141664507424,7.79669054632817,8.40412872056913,6.1858458161216,70.6522666133242
"442",96.3815,92.019416378932,0.680391829280924,1.34581846031278,219.579357609311,262.887302312069
"443",87.4161274265804,90.1256394419574,1.08126803474222,0.61920949894261,56.1063962867125,315.145300584263
"444",6.26916712630998,6.07224716566998,2.0930315896817,1.42042237637793,246.557418141956,537.396863557398
"445",0.0761572921851667,15.7419334925107,0.0803041361499005,0.709604671969373,2308.90094543627,1044.41883609409
"446",3.09951219512195,8.27993505754421,2.65347893131203,1.57295524119081,159.416253973373,378.633456008392
"447",2.22623906705539,3.74760278103713,0.76463390553389,0.889727117110624,1152.11134655812,945.849220097531
"448",23.0180758017493,40.7004184833504,0.181069767754823,1.14426099004652,2116.35260387801,1279.66663338628
"449",15.3492711370262,12.1694851494067,0.122190740118358,1.39498540192881,1870.11647283508,2206.74543382204
"450",55.7031578947368,51.2109112835833,2.32450989796394,3.42767481593,223.916397993225,330.946720549837
"451",85.0794285714286,80.6589532794751,1.1100177140258,1.30741379350638,595.308157586333,547.802276613191
"452",83.4018464528669,62.0232576327107,0.541449330592636,0.867035832305845,76.2750946203277,287.371606637083
"453",39.5575,58.4372804551458,2.31452518468757,0.928171736771333,188.477851574934,554.68625097489
"454",1.35745207173779,0,0.159946242572359,1.25895158604294,506.021386116449,554.294241714524
"455",76.7198979591837,38.6935693676387,1.37139238755971,1.48547642405606,24.0719968242598,315.956041557365
"456",2.39473684210526,19.532863118583,0.0319866635453703,0.943438886120475,2239.61234336078,1071.22313873982
"457",0,17.1245648606273,1.20596323253015,1.12715720251163,1269.54580369753,1050.65914648562
"458",34.3788888888889,43.0194802855958,3.53524875714975,3.20533965199456,271.891140691987,130.12684655824
"459",28.7003710575139,27.6580310047757,1.6725432266164,2.17066879217612,53.8699588936857,-86
"460",83.956,80.4470560008831,0.0803510201851219,1.09553966160865,552.903708011755,508.396036981605
"461",67.9415789473684,57.537292925248,1.35455441503614,2.22737133739906,499.91125693277,504.693051965441
"462",48.4067055393586,57.1696334732969,0.945775130862704,1.82491140620118,96.3874711434855,302.283561828197
"463",69.0273768043803,76.4758854242746,2.05158516726965,1.48333430778686,39.4578332966564,454.741546832898
"464",24.2589473684211,31.5409568984942,3.58592153442695,2.28253000184341,235.763183576729,34.5684315101244
"465",0.882222222222222,0,1.37565005478618,1.39192147938138,377.765447927,823.186428456567
"466",13.6987110633727,13.7000247894712,2.89150154140674,2.99206463248765,280.266608341309,205.31354323402
"467",0.0019436345966958,4.78536770762184,0.150320853580812,0.435236446242811,927.628212756897,870.502198150847
"468",81.5457142857143,44.0525014590494,1.15003916800995,1.09144657916181,102.872384053847,259.644154913782
"469",11.2154722354058,37.2784617841789,0.139946115428395,0.714624485643753,1.30957782175675,426.779941933113
"470",97.1292517006803,65.1485990604142,2.96290335885669,1.73024928060227,730.527003556954,677.798844030942
"471",15.6938461538462,21.5706424356267,2.25157213955632,1.72434903736837,111.338799457522,421.160512982286
"472",0.644444444444444,2.57231456392765,1.28525334659036,0.790633316931689,281.001680059914,215.56657296617
"473",2.71052631578947,2.68992714057549,1.38298083456534,0.913391691648485,340.002425843378,561.890835029073
"474",11.1103012633625,17.0777339605338,3.03604655559191,2.17374717626012,408.185391094336,278.564088315121
"475",30.4097297297297,58.3378207951901,0.200464486835174,1.70905268216256,826.998256389087,704.843950883136
"476",1.78971428571429,0,0.349509171399085,0.882953385737892,1243.03772724649,1520.6031754344
"477",2.71421052631579,2.96216139700118,1.43804746071003,1.94633518330738,225.680048142632,592.413825171068
"478",4.92857142857143,0,0.518976949874554,0.907811319051461,2176.51142739648,1461.44911570335
"479",25.6162790697674,18.5980532653466,0.989784367835158,1.29434445323773,63.0807843002141,227.032973901718
"480",0.0216666666666667,0.179015429217543,1.35505928446248,0.751479197235085,444.958499009446,697.73972411151
"481",1.61588235294118,5.09702251296585,0.600863079795167,0.38085406638038,371.46773055009,901.753178671934
"482",1.44047619047619,0,2.78145760853678,2.29251249845356,228.978873421338,298.074529651902
"483",0,0,0.0882845328874074,0.540530245173386,2017.73054258362,1436.4461563197
"484",86.5074418604651,83.3636480881814,2.63021903817272,1.29910754007938,44.990097037058,-7.30802493635565
"485",0.0280612244897959,0,0.0497790809118351,0.419072321132262,819.183917167765,670.912561038625
"486",50.4714285714286,28.8832254188819,0.0205817726737164,1.04321195534862,2692.31963919698,1464.69258965866
"487",59.6961904761905,62.5921855768393,0.876336715786072,1.68140190893882,198.713007804443,473.264467068366
"488",0,1.63578995496209,0.445581401714762,0.237293849329376,818.870451831944,813.932635546895
"489",14.0784929356358,0,4.05715776346016,1.97256453687714,2121.35277726465,1162.03572815075
"490",62.596,61.9207213237678,1.56937188093354,2.75240505268317,219.360714348619,273.223209879478
"491",0.0163157894736842,0,1.54397135358429,2.1790941080524,205.327766081619,205.83625306387
"492",0.0042105263157894,3.82487779019539,0.251850232707128,0.787933021401386,902.33956428628,568.73520174087
"493",85.3847539015606,94.0124101371175,2.353894866738,1.43969491107504,81.652668491266,264.397944087745
"494",14.7102857142857,46.6050705611924,0.0083929518313535,0.319929744822957,2564.35713239009,1425.60086103773
"495",0,1.02654123942375,0.166335054384617,0.194724110435345,617.335344822064,1104.57451120275
"496",76.2277777777778,75.4639932912978,0.150950925278672,1.25116370833666,548.187145927337,576.220618640888
"497",85.5766666666667,81.3178419022915,1.66504659606646,1.17274218913076,249.413114704383,513.144909751252
"498",25.4234146341463,45.7323460673315,0.725193356563152,1.34885705376018,312.486744704201,534.701112084789
"499",38.648717948718,50.8200024714097,2.07836638156395,2.3969855602079,194.025822373452,374.127260723209
"500",54.9871428571429,37.3697093497549,2.33775809003057,1.30377598546283,94.7357004918,74.8929493681062
